,Cycle,EL1939 CD / Control-43622,EL1939 CD / Control-43623,EL1939 CD / Control-43624,EL1939 CD / Control-43625,EL1939 CD / Control-43626,EL1939 CD / Control-43627,EL1939 CD / Control-43628,EL1939 CD / Control-43629,EL1986 / 420uL-43631,EL1986 / 420uL-43632,EL1986 / 420uL-43633,EL1986 / 420uL-43634,EL1986 / 420uL-43635,EL1986 / 420uL-43636,EL1986 / 420uL-43637,EL1986 / 600uL-43638,EL1986 / 600uL-43639,EL1986 / 600uL-43640,EL1986 / 600uL-43641,EL1986 / 600uL-43642,EL1986 / 600uL-43643,EL1986 / 600uL-43644,EL1986 / 600uL-43645,EL1986/350uL-43646,EL1986/350uL-43647,EL1986/350uL-43649,EL1986/350uL-43650,EL1986/350uL-43651,EL1986/350uL-43652,EL1986/350uL-43653
0,2,95.80666806,96.17182553,96.64447283,95.88823704,96.3647209,95.93959497,97.07957968,96.34541513,97.31889448,96.37775179,96.39723995,96.42843545,96.65827544,96.63889557,96.90053536,96.72321832,96.21591541,95.95649749,96.75977654,96.9874477,96.56328583,96.77961355,96.85658153,97.18613589,96.78738369,97.106827,96.03093227,95.96271376,96.61683346,96.75742511
1,3,100,100,100,100,100,100,100,100,100,100,100,100,100,100,100,100,100,100,100,100,100,100,100,100,100,100,100,100,100,100
2,4,99.5540671,99.71697984,99.93655999,99.63137604,99.46915395,99.52381322,99.5446526,99.85901503,99.62167113,100.0543231,99.88902202,99.50947494,99.99954622,99.55535762,99.29557622,99.94866838,99.97217585,99.86056888,99.97206704,99.69316597,99.74853311,99.83197984,99.85966882,99.6909911,99.49214202,99.53260366,99.65213886,99.65899824,99.6923011,99.66571865
3,5,99.98006274,100.1517895,100.0013586,99.77518051,99.35418729,99.47209963,99.6836804,100.1612288,100.0516138,100.3015267,100.2227495,99.99045317,100.3034116,99.49980218,99.46463793,100.2501425,100.2782415,99.94422755,100.3351955,99.72105997,99.74853311,100.0560067,100.0841987,99.80335281,99.38368181,99.48109914,99.41261959,99.47752501,99.88964873,99.62831874
4,6,100.2510093,100.4090273,100.1335623,100.2601316,99.51502953,99.48153236,100.1120589,100.7692109,100.1360309,100.9910591,100.7201666,100.1491408,101.0220925,99.36119759,99.29557622,101.1230067,100.6399555,100.1115449,100.6703911,99.52580195,99.80441464,100.0560067,100.3087286,99.88908463,99.60165111,99.68766392,99.25640769,99.42588881,100.0836438,99.71576642
5,7,100.7303934,100.8712395,100.5557101,100.6338954,99.37484796,99.64821438,100.3469699,100.8582672,100.1437443,100.9369606,100.8785284,100.3338832,100.9969642,99.048542,99.69005354,100.8440255,100.7790762,100.1673173,100.8379888,98.74476987,99.55294775,99.57994959,100.5613247,100.1663305,99.90372952,100.2164341,99.30399579,99.50099089,100.3946389,100.2539874
6,8,100.4252171,100.499587,100.1350041,100.4578627,98.25128491,99.24094208,100.0519855,100.4694408,99.42588293,100.4664039,100.4502033,99.71464648,100.6082979,98.03789302,99.21104536,100.1373376,100.4730106,99.58170664,100,97.46164575,98.35149483,98.31979838,99.94386753,99.69232401,99.80252645,100.6600348,98.71627708,98.87625763,100.0112971,100.4300274
7,9,100.0853382,99.60371032,98.89526216,99.61837363,95.65792587,97.51042317,98.7357256,99.08277848,97.99279816,98.83940577,99.47373313,98.36527637,99.08931156,96.47222924,98.30938292,97.96962483,99.13745131,98.32682655,98.24022346,94.67224547,96.78681196,95.93951274,98.37215829,98.46763234,99.78554588,100.7755603,97.56034851,97.925143,99.1440663,100.4398424
8,10,98.93884822,98.23224134,96.78474512,97.99907316,93.91665306,95.40270575,97.07269104,98.62747227,96.79547359,98.27103391,98.64190841,97.18175397,98.28775826,94.19425717,97.04142012,96.58412437,97.74624374,96.90462911,96.67597765,91.91073919,94.8868399,92.74712966,96.71625035,97.3963958,99.50745005,100.4613539,96.3626112,97.0076074,97.96910841,100.179903
9,11,98.80084454,97.38346019,94.19590485,95.92799442,93.7069361,93.95350437,95.60521573,98.59634283,95.55961074,98.10615669,98.50355436,96.4005053,97.98321225,92.63870471,95.66074951,95.75919238,96.49415693,95.39877301,95.1396648,89.87447699,93.12657167,90.08681042,94.9761437,96.43981813,98.91106065,99.98411704,95.18723015,96.0564646,97.07390239,99.91547106
10,12,98.40999633,96.19601576,94.16709621,94.90961101,92.69689568,93.45257053,95.76259464,99.09013736,94.45650996,98.38080241,98.66973793,95.34023925,97.90033988,91.47204036,94.59002536,94.34927258,95.24207012,93.41885109,93.18435754,88.22873082,92.26040794,88.18258191,93.37636823,96.58085166,98.62173893,99.42027201,94.22906849,95.30662693,96.37452269,99.445497
11,13,98.92711387,97.6278486,95.37969315,97.14252534,93.90554517,94.6420942,98.00034248,99.28438394,95.45179533,98.14055755,98.85162165,95.79036077,98.04016218,91.65500977,94.81544097,95.06564895,96.10461881,93.11210262,93.60335196,87.14086471,92.81922325,87.17446094,94.19028908,97.42455713,99.40074743,99.80293046,94.925411,95.82020009,97.15782795,99.7929699
12,14,98.49472274,97.39362791,95.85646366,97.41049172,94.5475812,94.88268449,98.1703552,99.01274419,95.35384388,97.63767641,98.27241636,94.97322626,97.51519043,91.23203856,94.30825585,94.17199152,95.43683918,92.163971,92.65363128,86.13668061,92.62363789,86.11033324,93.68509683,97.08693314,99.39510614,100.1625126,95.10922287,95.75123914,97.18580314,100.1675413
13,15,97.88128347,97.1517535,95.7720341,97.23056945,94.51681235,94.75095909,98.15914373,98.48715376,95.0820114,96.73483612,97.88620393,94.11969448,97.01954449,90.0607446,93.49112426,93.06586878,94.57429048,90.85331846,91.45251397,84.18410042,91.64571109,83.92607113,92.73084479,96.6931283,99.37543249,100.0587554,95.04517064,95.5670334,96.93402645,99.97793777
14,16,97.29884845,97.26046989,95.74433456,97.11079723,94.73419375,94.68382019,98.2842548,97.85526228,94.99515691,95.74725635,97.53337558,93.42357168,96.2980274,89.1412963,92.87123133,92.06376906,93.98998331,89.65421082,90.41899441,82.53835425,90.63984353,82.44189303,91.97305641,96.3557879,99.29106825,100.2431934,94.91703798,95.48114208,96.43044489,100.1850823
15,17,97.15603425,97.28393386,95.77247774,97.05286981,94.92458298,94.71500371,98.46096094,97.53102739,94.96140724,95.12231668,97.20089508,92.92892672,95.91333173,88.80617427,92.44857706,91.04076274,93.35002782,88.42721695,89.3575419,81.64574616,90.19279128,81.37776533,91.15913556,96.13049727,99.42886884,100.3238742,94.96719155,95.46646534,96.29059713,100.2584228
16,18,96.67968104,97.00236623,96.03075731,96.94423854,95.24493452,94.888899,97.93477491,96.51075382,95.20433601,93.63640139,96.03749673,92.96935866,94.42128884,88.05211419,92.25133841,90.07033452,93.09961046,87.59063023,88.77094972,81.19944212,89.63397597,80.9017082,90.79427449,96.21543502,99.43167531,100.7723664,95.18443914,95.61858509,95.89894449,100.5418265
17,19,96.16014433,96.30347515,96.07675686,96.33820942,95.38344991,94.93439809,97.22962371,96.44657886,95.25139056,93.19300624,95.12087984,92.6252467,93.59438033,87.99763804,92.11045365,89.1473852,92.51530328,86.92136085,88.01675978,80.19525802,89.96926516,79.83758051,90.261016,96.07465673,99.27417272,100.7034827,95.0340348,95.62762776,95.08766404,100.5159013
18,20,96.34397312,96.4218006,95.80738638,96.21904842,95.27170454,94.70257469,97.07840833,96.43158341,94.888001,92.89333151,95.00978851,92.16552152,93.45262945,87.08395547,91.57509158,88.31690079,92.20923762,85.88957055,87.03910615,,89.27074602,,89.44709514,95.905944,99.04336169,100.5148726,94.8418499,95.43468922,94.9983012,100.3817252
19,21,96.23280272,96.31076574,95.68893546,95.86601069,95.23260477,94.84073655,96.91609303,96.75570723,94.91214478,92.53192602,95.12547086,91.99262735,93.1804723,85.69427407,90.50436743,87.37055197,91.8196995,84.13273843,85.19553073,,87.53841855,,88.0999158,95.84959298,99.13353731,100.7718197,94.68865455,95.28583723,94.6361169,100.4503155
20,22,97.0433901,96.80789462,95.21116677,95.66661258,95.18972831,93.15094488,97.89255062,96.94795441,94.68951742,93.57798165,96.04429824,91.62930808,94.282601,85.99233074,90.89884474,86.74902011,91.23539232,83.79810374,84.94413408,,88.32075999,,88.15604827,95.11830594,99.02952777,99.78644326,94.35441015,94.6700903,94.05055367,99.81566166
21,23,97.01780812,96.6486469,93.54794614,94.93769955,94.03128648,93.80690854,98.0945244,97.36324499,93.44052173,93.96845671,96.73606852,89.73207512,94.09728682,86.11113872,89.06734291,83.08147223,89.67723984,83.24037925,83.12849162,,87.34283319,,86.02301431,94.52700311,99.34731107,99.89028674,93.39345748,94.01698952,93.4057439,99.94505905
22,24,97.05253844,96.62638406,92.8452538,94.65775872,93.64028876,93.91166741,98.20725265,97.25927656,92.8270635,93.84561251,96.78844015,89.06234817,93.89574986,87.44446941,89.09551986,82.17682326,88.92598776,84.07696598,84.07821229,,87.76194468,,86.2475442,94.27389147,99.20670401,100.0594748,93.15670103,93.84261522,93.32311427,100.1309998
23,25,97.01994922,96.5207962,92.76071333,94.41707517,93.76314202,93.59550425,98.2107388,96.98772012,93.29709283,93.77602512,96.61109077,88.67172383,93.62597507,87.63911228,88.98281206,81.98311156,88.8425153,83.85387619,84.66480447,,88.795753,,87.14566377,94.27377803,99.19802946,99.94343135,93.02574917,93.74252606,93.15467152,100.0882203
24,26,96.95924762,96.41361614,92.36759602,94.19586746,93.51221479,94.07690677,98.28188422,97.19579583,92.87580983,93.69459665,96.84387246,88.44859517,93.2875654,87.5038024,89.20822767,82.09427341,88.36950473,83.4076966,84.44134078,,88.93545683,,87.22986248,94.10614297,99.36137178,99.81302995,92.77788506,93.49409198,92.93143346,99.8593855
25,27,96.65312583,96.17791499,92.39573921,94.07237232,93.03824113,93.9292012,98.08504206,97.52991661,92.89989626,93.4133289,96.76401139,88.43640592,92.68096919,87.17484372,90.10989011,83.82969007,88.6755704,82.84997211,83.82681564,,89.24280525,,87.42632613,93.65610054,98.98167601,99.86174345,92.23473791,93.10793319,92.59739338,99.76461236
26,28,96.26072045,95.95087315,92.81722152,93.20168298,92.8115291,93.42604789,97.73955033,97.77420355,93.23836784,92.91510563,96.46451822,89.24459027,92.18214676,86.70063426,89.91265145,84.01178701,89.37117418,82.26436141,83.29608939,,88.82369377,,86.66853775,93.00824818,98.69490563,99.71399165,92.18737534,92.63439005,92.12198422,99.77788976
27,29,95.95323613,95.33634063,93.32302248,92.57073257,92.98825563,92.933659,97.51409382,97.69170083,93.69910668,92.49365296,96.2643271,90.00754086,91.16096184,85.77880014,89.20822767,83.14368207,90.40066778,81.23257111,81.64804469,,88.23693769,,85.9388156,93.12026958,98.97889788,99.66976682,92.24866476,92.62148804,92.14063434,99.96368746
28,30,95.00403333,94.52627504,94.46319578,93.3693252,94.30942804,91.81038644,97.02321555,97.47621069,95.08642724,91.23075404,95.9258386,89.86976537,90.26127768,84.81671958,88.53198084,81.92135497,90.87367835,81.62297825,81.20111732,,87.45459626,,84.03031154,94.16113272,98.88038789,99.66081827,93.21238024,93.38780535,92.92258733,99.62946334
29,31,94.98370678,94.86147459,94.1886403,94.1254655,94.62744693,91.21068629,96.71476071,97.23592254,94.95168665,91.26431312,95.67650656,89.45305774,90.30472753,85.80538496,87.15131023,80.01862896,90.45631608,82.79419967,83.04469274,,87.11930707,,84.05837777,94.83640905,98.75639287,99.67218379,93.2569518,93.75010388,93.56621386,99.66385867
30,32,95.03311894,94.67158404,93.74561389,94.38923667,94.3259788,91.12845502,96.16088067,96.94973165,94.54112785,91.27654703,95.2472179,88.92283948,90.55311773,86.80597942,87.46125669,,90.17807457,82.26436141,83.10055866,,87.90164851,,85.82655066,94.63942155,98.55699164,99.78258762,92.96448794,93.59584319,93.42318261,99.74048985
31,33,95.4511063,95.45645381,93.38008522,94.36406533,93.90932185,91.68698404,96.36154366,96.56557051,94.46012292,91.87724335,95.50998292,87.8905604,91.41150752,86.69864608,87.94026486,,89.14858097,81.90184049,82.62569832,,88.73987147,,86.21947797,94.07690397,98.40805021,99.88329478,92.62748072,93.20309254,92.97707274,99.85074375
32,34,95.75800667,95.7676028,92.53501331,94.15385966,93.623738,92.22775733,96.51543641,95.98705171,94.13088447,92.37165055,95.62073418,88.39270645,90.98347544,86.08355982,88.92645816,,88.34168058,80.84216397,81.67597765,,88.8795753,,85.37749088,93.85175513,98.40796516,100.0216952,92.26538261,92.87524631,92.72662015,99.90923297
33,35,95.98115386,96.14012124,91.63432049,93.90161841,92.92671792,92.67109598,96.55986395,96.17896566,93.51329714,92.59455467,95.64867705,88.75542905,90.41533746,85.38871912,88.39109608,,88.786867,81.26045733,80.67039106,,88.60016764,,84.39517261,93.28912411,98.28428197,100.2132978,91.56345809,92.46384691,92.25014044,99.92854815
34,36,96.01012824,96.1200372,91.52185866,93.93851415,92.95459872,92.90857902,96.53189105,97.03912118,93.31762363,92.76044204,95.64879041,89.31346381,90.2751181,84.27761022,87.7430262,,89.03728436,81.79029559,81.1452514,,88.20899693,,82.48666854,93.28909575,98.18018739,100.2717079,91.68879974,92.57703527,92.30676695,100.0127337
35,37,96.25268437,96.04581843,91.83187733,94.09921063,93.40080266,93.07157117,98.07528083,95.93556734,94.24540967,92.47822027,97.19165636,89.64828467,89.94810976,84.33376212,87.48943364,,89.34335003,82.15281651,81.9273743,,88.20899693,,82.26213865,94.04882772,98.78488281,99.6484169,92.06194911,93.03288744,92.98034074,99.71442151
36,38,96.03796255,95.83936343,93.63281933,92.52975274,92.4504116,92.53149147,97.45544278,96.56334896,94.31956144,92.08426584,96.51343242,89.7195165,87.76557728,84.65661424,87.82755706,,90.65108514,82.18070273,82.48603352,,88.65604918,,82.71119843,92.83908169,98.03629193,99.90415555,92.10102323,92.40252012,92.19483803,99.73957417
37,39,94.33400783,93.82794263,93.29565566,93.06146252,93.60774264,90.81806247,97.68260053,96.64662923,94.87753488,90.33981095,96.42506946,89.39725426,88.342167,86.35344113,86.95407157,,90.42849193,82.18070273,82.29050279,,88.01341157,,84.70390121,94.1047817,98.46114638,98.77151645,92.6719677,93.1385825,93.11486392,99.13696922
38,40,95.14381663,94.27487537,92.87350789,93.20129402,94.04206114,90.83792671,97.63008511,96.92115699,95.07908662,90.4803887,96.58241107,88.02998386,88.86691186,85.92405093,88.08114962,,88.20255982,81.14891244,81.06145251,,88.99133836,,84.39517261,94.4705103,98.22891794,99.28883477,92.69976502,93.4549634,93.47797792,99.67496132
39,41,94.27817237,93.78347282,93.07084291,93.81799178,93.67083546,91.25973653,97.82045697,96.67442635,94.78477348,90.86289488,96.56353688,88.19739428,89.64174861,84.08316616,87.96844181,,88.6755704,81.92972672,81.2849162,,88.90751607,,81.64468145,94.1891806,98.41879418,98.80336868,92.5711249,93.06117045,93.17523737,99.20859276
40,42,95.11609354,93.95928499,92.3698142,93.90200737,93.70449236,90.85168741,98.10568009,95.82204625,95.06991084,90.44924273,96.95587067,88.54704682,89.72632267,84.47205428,87.7430262,,88.64774624,82.20858896,82.01117318,,88.76781224,,81.92534381,94.35800678,98.45275532,99.0465621,92.52700442,93.32864767,93.4262534,99.53059825
41,43,95.14362198,94.07934229,92.9019838,93.11747291,93.71682212,90.87732226,98.12905126,95.90488221,95.1297828,90.3982868,96.9940158,88.89493774,89.17111753,84.47245191,87.15131023,,88.36950473,81.98549916,81.9273743,,88.65604918,,82.65506596,94.32984545,98.382225,99.17926537,92.65217692,93.315802,93.50829142,99.49039406
42,44,94.92066944,93.7456232,92.76137879,93.39752487,93.80546308,91.23865158,98.19863488,95.77311666,95.21333975,90.59217748,97.15141409,88.47746295,89.58627348,83.98398435,87.43307974,,88.36950473,81.62297825,81.75977654,,88.76781224,,83.16025821,94.41432944,98.60433314,98.9672624,92.52441075,93.30732273,93.56719989,99.58293523
43,45,95.31249088,94.41454185,92.53578967,93.64937716,93.69427311,91.14565589,98.2141134,95.89552394,95.27931934,90.5478997,97.21404467,89.14602497,89.69983301,84.50500127,87.17948718,,88.75904285,81.79029559,81.67597765,,88.54428611,,82.82346337,94.41427272,98.53434143,99.39900841,92.46312133,93.3165626,93.60083773,99.55060019
44,46,95.00617443,94.19107548,92.70509242,93.81760282,93.73048483,91.54782342,98.16143065,95.93634488,95.33279693,90.76844683,97.11389243,89.34122348,89.68015011,84.58802201,86.5877712,,88.8425153,81.5672058,81.48044693,,88.48840458,,83.44092057,94.44260421,98.41635623,99.25027831,92.44919448,93.35126844,93.68732699,99.54012707
45,47,94.58682456,93.84185341,92.35808556,94.18186486,93.69838302,91.8251459,98.20566296,95.89163623,95.1915186,91.02664973,97.1478433,89.76151117,89.3655074,85.00880622,86.81318681,,89.20422927,81.17679866,80.89385475,,88.65604918,,83.77771541,94.21765389,98.49774391,98.9272385,92.23473791,93.15590725,93.54680308,99.52647768
46,48,94.72485604,93.87950749,91.78934369,94.06964959,93.49066548,92.01313481,98.28129854,95.46834808,95.14059302,91.0604894,97.3314274,90.13346805,89.0888124,85.54513212,86.08058608,,89.78853645,81.34411601,80.89385475,,88.37664152,,83.55318552,94.10481006,98.55146375,98.98832459,92.01469931,93.03432413,93.52003931,99.71602396
47,49,94.92047479,94.051409,91.72141186,94.09765479,93.65161881,91.97041006,98.13496377,94.91584916,95.33090443,91.06509115,97.33499819,90.05763328,89.14927916,86.04629564,86.13693998,,90.03895381,81.53931958,80.6424581,,87.76194468,,83.13219197,94.18994632,98.51191801,99.17005786,92.14280378,93.18441561,93.63084133,99.88811504
48,50,95.08973298,94.0234757,91.80528687,93.87341873,93.47100452,91.75967161,97.20232016,95.21045416,95.32393657,90.79667462,96.78617298,90.14761781,89.06663369,85.83461121,86.44688645,,90.15025042,81.92972672,81.00558659,,87.81782621,,82.48666854,94.16130287,98.2727726,99.41555316,92.2262803,93.21830451,93.66092945,99.93369886
49,51,95.6195859,94.63800822,91.78013823,92.97764141,93.38325219,91.26728272,97.46668214,96.1533901,95.32058168,90.5478997,96.66108187,90.03924996,89.07854553,85.82856146,86.5877712,,89.92765721,82.20858896,81.48044693,,87.81782621,,81.86921134,94.21796585,97.75561642,99.98233309,92.32664384,93.31152011,93.80080539,99.68019788
50,52,94.47379112,94.61029839,92.23652919,93.48154046,93.26650827,92.38101157,96.73604019,96.62183121,95.04777427,91.84082221,95.37140214,89.9692399,89.0201208,85.55762926,86.61594815,,89.28770173,82.34802008,81.87150838,,87.67812238,,81.33595285,93.79594295,97.62053725,99.14421928,92.49655705,93.06395931,93.52037737,99.2430167
51,53,94.78088614,95.24703788,91.6073973,91.43696664,90.97506168,91.2807105,96.41054503,96.74734865,93.26824647,91.20117939,94.98337598,89.89957079,87.01609573,85.53814509,86.33417864,,89.89983306,82.23647518,81.84357542,,87.87370774,,80.9149593,91.17929323,97.48279335,99.06172572,91.23755852,91.81584496,91.55208484,99.24267332
52,54,95.56336115,95.59170683,92.39529557,91.07309356,90.93362925,90.61864331,96.86929491,96.81352301,93.57488956,90.76412568,95.31585647,87.65453216,87.40317377,85.45004029,87.26401803,,87.59042849,82.18070273,81.70391061,,88.60016764,,80.80269436,92.07983184,97.52364311,99.22239681,91.51888653,91.86767836,92.30721771,98.74640201
53,55,94.83730554,95.50799074,92.70498151,91.18511435,90.89164142,90.8312683,97.70240188,96.01484883,93.37973219,90.9843361,96.06475945,88.11593371,88.61852166,84.36094339,85.29163145,,87.61825264,82.09704406,81.59217877,,88.40458229,,,91.88273089,97.94676832,98.58517942,92.10637971,91.81519704,92.25171809,98.73378276
54,56,93.8939143,94.80281467,92.65812241,91.52117671,91.08658489,91.2823751,97.76925235,95.60300164,93.12544839,91.70703484,96.56410367,88.27629767,88.15174775,84.62397967,85.20710059,,87.72954925,81.20468489,80.36312849,,88.12517463,,,91.65724174,97.98617232,98.3433959,91.59582251,91.61310314,92.06634374,99.09161432
55,57,94.08294291,94.54638701,92.22654737,92.19330142,91.08014231,91.65580052,97.81214598,95.1914877,93.90498824,91.90794037,96.88043058,88.36480471,87.62405329,85.48792933,85.3761623,,87.61825264,81.4556609,,,88.23693769,,,91.54493675,98.0839169,98.30081115,91.25943551,91.50349242,92.12229411,99.11450639
56,58,93.94354891,94.25967966,91.91763779,92.13748551,91.08658489,91.74690967,97.45982139,95.05250212,93.80543103,92.06013473,96.96437255,88.16949255,87.59620228,85.39050848,85.26345449,,87.7017251,82.04127161,,,88.46046382,,,91.51666198,98.10962872,98.58751007,91.11664301,91.41636161,92.12229411,99.33673109
57,59,93.8314887,94.20917626,91.74955505,92.47374235,91.39338481,91.89872125,97.04315635,94.9435352,94.20480685,92.09133682,96.92503715,87.97577152,87.62518775,85.06637825,85.20710059,,87.39565943,81.90184049,,,88.48840458,,,91.77022738,97.96091407,98.46200017,91.07060547,91.66406326,92.44700913,99.29812935
58,60,93.83207263,94.06540358,91.78568369,92.30532221,91.09113913,91.7325941,97.29323904,95.08496448,93.97363454,91.96540609,96.97842901,88.28087219,87.73489012,85.22245042,85.29163145,,87.47913189,81.87395427,,,88.48840458,,,91.48892605,97.88482751,98.30622057,91.06778627,91.43075664,92.36567543,99.30207823
59,61,93.97224522,94.39099408,91.60761912,91.85723907,90.83565766,91.46525923,96.98637388,95.16291304,93.79585381,91.78229023,96.9656195,88.12272446,87.73489012,85.36133903,85.3761623,,87.20089037,81.81818182,,,88.48840458,,,91.32021331,97.75280994,98.31045027,91.15106545,91.27841153,92.25340844,99.14644081
60,62,93.92269403,94.30412153,92.14500145,91.85723907,90.94718087,91.51142415,97.49892208,95.5196103,93.44688743,91.62190252,96.61477492,88.22489824,88.39775558,85.44785329,85.60157791,,87.25653868,81.70663692,,,88.37664152,,,91.67522189,97.66847405,98.32552757,91.22619714,91.35061207,92.53251235,99.25904115
61,63,94.47379112,95.03974489,92.1160819,91.40896144,90.86553788,90.93436257,97.25533758,96.3450819,93.32502161,91.34175715,96.42722327,88.56307185,88.53644342,85.3631284,85.60157791,,87.64607679,81.5672058,,,88.09723386,,,92.01329963,97.35040726,98.86448355,91.22884719,91.60149697,92.89635883,99.06674782
62,64,95.39604942,95.47921944,92.00129098,91.80122867,91.24431693,90.56748458,97.12174819,96.67953591,93.78576045,90.66934092,96.14790791,88.71377533,88.58380716,85.02687026,86.22147084,,87.72954925,81.39988846,,,87.90164851,,,92.26765911,97.34490771,98.79171543,91.80782638,91.93393496,93.20278997,98.89185246
63,65,95.64847686,95.34019543,91.52374411,92.24931182,92.12972682,91.01526217,97.13806338,96.53788447,93.95436541,89.90040024,96.06441937,89.63251536,88.23450667,84.90681256,86.4187095,,88.59209794,80.95370887,,,87.53841855,,,93.3651285,97.27193945,99.01494005,92.06750294,92.62379801,93.67811461,98.81018502
64,66,95.66171275,95.36553093,90.73695494,92.83800439,92.5799296,91.35062373,97.19735588,96.35574533,94.31130324,89.90466527,96.09304239,89.48087424,87.45830856,84.44626473,86.61594815,,88.89816361,80.81427775,,,87.84576697,,,93.57984091,97.28319369,98.96973692,91.861363,93.02945066,94.18316113,98.88295317
65,67,95.59147353,95.39217929,90.31281081,92.83711533,92.62647166,91.37892194,97.22786669,95.93301256,94.33430004,89.96168204,96.2036803,89.22117782,86.93333681,84.10284915,86.16511693,,88.56427379,80.98159509,,,88.20899693,,,93.54373883,97.30570216,98.98671327,91.75008916,93.00206911,94.23874527,98.69907267
66,68,95.42494038,95.39131336,90.00745032,92.89362582,92.61336435,91.39656671,97.55467264,96.43399934,94.32357585,89.85045445,97.07569061,88.97358541,86.79498931,84.50022963,85.3198084,,88.34168058,81.31622978,,,88.76781224,,,93.48752961,98.10710573,98.77160277,91.7305521,93.03618337,94.32269901,99.24630744
67,69,95.3698835,95.58785203,89.97553622,92.66938976,92.57670831,91.25263423,96.05869455,96.21842591,94.11454011,90.24480171,96.29431042,88.81123252,86.71268418,85.05558527,85.23527754,,88.11908737,81.70663692,,,88.8795753,,,93.4890894,97.24101157,99.18717808,91.66914991,92.90195178,94.18296393,99.83904018
68,70,94.72816501,94.35867526,90.08799805,93.28530961,92.64890959,92.17104993,96.42117082,96.04397887,94.78058703,92.16575043,97.1019331,88.69962557,86.99357668,85.30618122,85.3761623,,88.00779076,81.4556609,,,88.85163453,,,93.51713729,97.60656159,99.15020416,92.14559479,93.03274659,94.27021383,99.9024512
69,71,94.25920833,94.91734119,92.37671829,92.66919528,91.58866151,92.05430593,95.84734999,95.19071015,94.75234283,91.84222518,96.06475945,88.75542905,88.85114286,85.38931557,85.51704706,,88.06343907,81.17679866,,,88.76781224,,,92.30648374,96.70109177,98.82736576,91.62173096,92.09402691,94.13076048,99.11948541
70,72,93.88740757,94.16046059,92.07410281,92.3893378,91.42193208,91.64670071,96.88385309,95.30134323,94.44251689,91.69261229,96.29363027,90.20691611,88.56338686,85.32029731,85.60157791,,89.09293267,80.92582264,,,88.90751607,,,92.72757076,97.10868217,98.23595574,92.09823222,92.09661858,93.87971627,98.45023595
71,73,94.67194026,94.8847989,91.99544053,91.91305498,90.78045145,90.7716756,96.90418433,95.30178754,93.71344384,89.8273896,96.09292904,89.95571522,88.38295087,85.35449401,86.75683291,,89.12075682,80.7585053,,,87.9854708,,,92.05388258,96.91398675,97.93947384,91.29865059,91.44937722,93.45544,98.46949389
72,74,94.89683926,94.73692002,90.17120761,92.64177353,91.63209336,91.30789897,96.71992021,95.76834033,94.01624457,90.03783534,96.20696769,89.67652736,87.18184046,84.50088289,86.44688645,,88.70339455,80.84216397,,,88.60016764,,,92.58908963,97.00935009,98.17504229,90.548997,92.54010398,93.94003337,98.52034289
73,75,94.87923775,94.8292675,90.26195898,92.8938203,91.43259566,91.68243413,96.59427925,95.71441226,94.1922475,90.50502488,95.76090197,87.88178073,87.34769863,85.39885884,85.77063962,,86.53311074,81.70663692,,,88.09723386,,,92.27577003,96.67951879,98.15587915,90.34282887,92.70498488,94.04196109,98.42388146
74,76,94.64655293,94.30585339,90.432149,92.86600958,91.50646313,91.76089231,96.50584251,95.76811818,94.47491887,90.94331321,95.81486062,88.39270645,87.7621739,85.11372535,85.15074669,,86.92264886,81.73452315,,,87.78988544,,,92.32571172,96.58633827,98.23071897,90.05245122,92.75738168,93.95631701,98.3793564
75,77,94.54480893,94.27543403,91.21882726,92.44573715,90.68969999,91.53683706,96.60334325,95.57931439,94.3984158,91.0813095,95.67752679,88.33230004,88.34250734,83.77781003,85.82699352,,87.22871452,81.4556609,,,87.37077396,,,91.36868029,96.38654016,98.15749047,89.92849098,92.28135956,93.85171291,98.17919392
76,78,94.56494084,94.00235813,91.38657728,92.30648909,90.42877566,91.30656729,96.78317298,95.411532,94.25128791,91.24596225,96.12495281,88.85783013,88.08067378,83.91649983,85.4325162,,87.7017251,80.8700502,,,87.2590109,,,91.14100743,96.76734151,98.20341294,90.04289413,92.1204225,93.85675577,98.14222324
77,79,94.74170678,94.37604977,91.47145047,92.0536644,89.73297744,91.05321507,96.94211368,95.3303622,94.3160345,91.19062905,96.12121198,89.09394362,87.87777546,84.15621759,85.23527754,,87.84084585,81.14891244,,,87.37077396,,,90.86123753,96.71923462,98.05620783,90.10618518,91.71609385,93.88470278,98.07798239
78,80,94.66999381,94.29252921,91.3843591,92.36308293,90.188512,91.27760324,96.86935069,95.24552684,94.37994954,91.19208814,96.30944378,89.17503482,87.59756363,84.52920027,84.50267681,,88.00779076,80.84216397,,,87.51047779,,,91.05845192,96.74919867,98.15990744,90.09513392,92.04461616,93.99663171,98.17318475
79,81,94.56524671,94.39599414,91.48132138,92.16568519,90.0489969,91.07862797,96.68768027,95.63002122,94.35179137,91.35573075,96.06645983,89.25175039,87.73693215,84.69447487,84.64356157,,87.97996661,80.6469604,,,87.59430008,,,91.02895767,96.55070458,97.89657259,90.30248611,91.84384626,93.99663171,98.31734752
80,82,94.19909067,93.84858533,91.43909274,92.19330142,90.00245484,91.00882571,96.47577793,95.65704079,94.14814641,91.27441451,95.89846252,89.40776714,87.40464857,84.94507083,84.89715413,,88.00779076,80.34021194,,,87.59430008,,,91.02861736,96.37551271,98.29051025,90.31723053,91.9555416,93.96865652,98.42579867
81,83,93.88946526,93.5950348,91.24652681,91.46536079,89.8537202,90.40246716,96.24223355,95.85039875,93.99330512,91.52212318,95.48226676,89.39685648,87.3486062,85.08336299,85.00986193,,87.86867001,,,,87.59430008,,,91.4486267,96.11555973,98.24605523,90.39836712,91.32303332,93.80080539,98.56166306
82,84,93.32896957,93.19036514,90.79301949,91.26912994,90.1437472,90.0962916,96.39687931,95.49236857,93.87877992,91.26857815,95.78748454,89.23995893,86.54659911,85.07268362,85.17892364,,87.67390095,,,,87.81782621,,,91.81486578,96.34977255,98.83867374,90.82130357,91.52039461,93.60497908,98.54964473
83,85,93.66456626,93.32304829,90.31336535,91.18491987,90.26004681,90.0967355,95.76753103,95.908881,93.46541104,90.97580604,95.31596983,88.90255247,86.65754938,85.09438319,85.46069315,,86.95047301,,,,87.78988544,,,91.80814449,96.00205354,98.00752311,91.10942586,91.77897001,93.10142569,98.88993525
84,86,92.77080962,93.18737627,89.49843299,91.21350851,90.43666226,90.17164253,95.09576324,95.71341257,93.67828913,91.05790793,95.16662,88.72752731,86.93401749,84.9612319,85.54522401,,86.33834168,,,,88.12517463,,,92.16769065,96.15011619,98.17791964,91.48886204,92.03960184,93.35320238,98.79101292
85,87,93.10621167,93.55400079,89.63870528,91.49336599,90.42610976,90.33821357,94.84509487,95.60544535,92.85166606,90.31203211,95.51667107,88.11368907,87.04871148,84.39389038,85.71428571,,85.92097941,,,,87.9854708,,,91.99702108,96.26512483,98.1262137,91.17110996,92.08554764,92.98952494,98.80440478
86,88,93.1341294,93.58296762,89.55283391,91.82923387,91.23609709,90.68866751,94.78931642,95.52038784,92.9729584,89.81807387,95.6542883,88.16949255,87.04417364,83.97225409,85.34798535,,86.03227602,,,,87.65018161,,,92.86826397,96.39439261,97.99287741,90.92992736,92.43040874,93.29725201,99.02554211
87,89,93.35708194,93.8707085,90.00290305,92.05327544,91.0375991,90.94346239,94.819381,95.21761865,93.16123394,89.92829132,95.81860145,87.9539502,87.70760633,83.97205527,84.58720766,,86.33834168,,,,87.73400391,,,92.67017043,96.25942684,97.85050625,90.29039174,92.82530033,93.34086288,98.89096539
88,90,93.41369598,94.07101817,90.05941123,92.58556866,90.86587112,91.2681705,94.65179464,95.49925536,93.30122193,90.1492874,95.6310498,88.28246333,87.74146999,84.05578607,84.50267681,,86.86700056,,,,86.95166248,,,92.50128754,96.18047711,97.37516843,89.78079307,93.20585323,93.36909161,99.49110944
89,91,93.58159165,94.49032488,90.62859675,92.67094561,90.6259407,91.19068334,94.6568147,95.30711926,93.337753,90.39592981,95.534355,88.39014927,87.46704391,84.19427705,84.44632291,,87.28436283,,,,87.28695166,,,92.36062269,96.32675381,97.59004875,89.68606793,92.83470922,93.42430951,98.69987389
90,92,93.38480502,94.02378297,90.93617542,92.52994722,89.57879993,91.01981208,94.67901453,95.46834808,93.60826646,90.4006438,95.52596647,89.06234817,87.21093938,84.65567695,84.78444632,,87.31218698,,,,87.31489243,,,91.60106089,96.23122038,97.2399331,89.74174714,92.89381056,93.67732579,99.19494337
91,93,93.59613445,94.45264287,91.01761042,92.55756346,89.95180287,90.95700114,94.56670461,95.9993813,93.29233289,90.46652734,95.48453393,89.08524919,86.46372675,84.75167767,85.15074669,,87.00612131,,,,87.56635932,,,91.85425761,96.05410084,97.10230956,89.74428442,92.75217017,93.22470809,99.23906782
92,94,93.69306792,94.40884346,90.88033268,92.30726702,89.47427468,90.56859431,94.901961,95.66237251,93.50062309,90.66978987,95.26042416,89.00671517,86.46372675,84.39349274,85.60157791,,86.19922092,,,,87.73400391,,,91.26338018,95.70391554,97.57655399,89.93119741,92.65129224,93.47975278,98.83247617
93,95,93.18938092,94.06249852,90.63580584,92.28373487,89.10804756,90.40213424,94.53906639,95.99971453,93.55906134,90.67949843,95.37162886,88.93443205,86.29798202,84.08813661,85.34798535,,86.22704508,,,,88.18105616,,,91.17906635,95.89418865,97.85370011,90.07328512,92.65320783,93.45110146,98.49375948
94,96,92.84002001,93.48676534,90.52301128,92.58731898,89.45361401,90.66392045,94.48328794,95.9357895,93.21187277,90.25793352,95.31585647,88.61313587,86.49203155,83.69427804,84.67173852,,85.47579299,,,,87.84576697,,,91.31973119,95.79788982,97.59462373,89.95059351,93.09097465,93.20107145,98.75198195
95,97,93.41642102,93.95397766,90.74560585,92.47393683,89.64500295,90.82105875,94.78931642,95.5210543,93.07217152,90.36826321,95.1772757,88.42964358,86.43598918,83.80558775,84.61538462,,85.47579299,,,,87.81782621,,,91.91063698,95.58108279,97.76778251,89.71096147,92.88600738,92.83773208,98.28987704
96,98,93.16866507,93.79366847,90.78605995,92.33352189,89.01718502,90.39614168,94.73378897,95.41164308,93.35633395,90.63892449,95.1772757,88.60032152,86.32537925,83.76914724,84.02366864,,85.47579299,,,,87.67812238,,,91.26352198,95.56458414,97.93190642,89.91676311,92.82222977,93.11708954,98.20654993
97,99,92.938316,93.46603884,90.37555763,92.36172156,89.12548694,90.2851683,94.7616782,95.35538238,93.29531502,90.43644763,95.28814032,88.81123252,86.52044979,83.96075104,84.2209073,,85.50361714,,,,87.90164851,,,91.17923651,95.52815671,97.9638162,90.09834781,92.98322316,92.9770164,98.26884496
98,100,92.9763553,93.54634707,90.24889944,92.44534819,89.27422159,90.52287328,94.51126083,95.47045855,93.09121127,90.29615047,95.20499186,88.3391192,86.71949094,84.28814758,84.24908425,,85.50361714,,,,87.81782621,,,91.37625237,95.61532742,97.77215608,89.96736775,93.01680219,92.69875765,98.36533501
99,101,93.0507655,93.51696124,90.35129626,92.33352189,88.99385845,90.22613046,94.14962124,95.66170604,93.09849454,90.4024396,94.95061537,88.16957779,86.68982479,84.22205477,84.24908425,,85.8096828,,,,87.56635932,,,91.17954847,95.83967506,97.64635844,89.88944505,92.96995494,92.67112053,98.43501272
100,102,93.08949996,93.6938628,90.06786805,92.22119549,88.96175665,90.22668532,94.34752319,95.88386082,93.08065912,90.45025287,95.23259465,88.30908648,86.71699513,84.16638572,84.38996901,,85.7540345,,,,87.42665549,,,91.17943503,96.09285282,97.43685877,90.05101343,92.81248283,92.61404326,98.33259936
101,103,93.52439367,93.90537372,89.91872304,91.97003777,89.15892169,89.79499887,94.54015407,96.04808873,93.1979944,90.61400772,95.31477957,88.08578733,86.85171236,84.44950263,84.72809242,,85.7540345,,,,87.56635932,,,91.26377721,96.19742933,97.04821543,90.02868536,92.72608445,92.64075069,98.76654703
102,104,94.17195152,94.39884334,89.4184398,91.46555528,89.40729411,89.28219088,94.20556702,95.63090984,93.36470685,90.91632004,95.23270801,87.97418038,86.93401749,84.66689597,84.78444632,,85.97662771,,,,87.31489243,,,91.57323987,95.81727998,96.56151208,90.21249723,92.41266143,92.75160907,98.82320488
103,105,94.22292085,94.46200052,88.73756882,90.87686271,89.59612823,89.39815806,94.34451115,95.10876281,93.60471085,91.38889699,95.14955955,87.83467169,87.15489701,84.58336398,84.75626937,,86.11574847,,,,87.20312937,,,91.74203769,95.36767755,97.28041738,90.56049934,91.94742854,92.72577498,98.01016465
104,106,93.83246192,94.16317012,88.93656748,90.76484192,90.3216956,89.67425984,94.59476118,94.97677511,93.80012628,91.446026,95.37128878,87.71942785,87.4586489,84.61676542,84.92533108,,86.50528659,,,,86.89578094,,,92.16420238,95.42941993,97.72220533,90.72505607,91.6032717,92.89438676,97.96375099
105,107,93.27410733,93.73101409,89.32957388,90.98888349,90.42199984,89.45031555,94.45556605,94.97122124,93.68746491,91.30196887,95.31630991,87.92795214,87.24264756,84.47162824,85.12256974,,86.64440735,,,,87.00754401,,,92.24916849,95.48413195,97.69789174,90.84205289,92.23203332,93.03474163,98.09878555
106,108,93.24638425,93.61609651,89.1030975,91.18491987,90.03500096,89.28696274,94.01076078,95.08129893,93.27679141,90.86457845,95.12184339,88.37759064,86.96300296,84.27993923,85.09439279,,86.22704508,,,,87.1751886,,,91.79929622,95.64531981,97.67110363,91.07875295,92.45635361,92.61587447,98.30052185
107,109,93.35727659,93.72584643,88.96204885,91.32533481,89.59934952,89.22981145,94.16652211,95.743098,93.24461884,90.89022477,95.01432285,88.38736477,87.26925067,83.69427804,84.58720766,,85.67056205,,,,87.48253702,,,91.71540779,95.94410983,97.28565415,90.81972482,92.63202374,92.58668787,98.37474937
108,110,93.54424752,93.89506634,88.90565157,91.07289908,89.70354153,89.31026715,94.36601374,95.68739269,93.26721419,90.99965655,95.42921498,88.47683786,87.29732857,83.2654559,83.91096083,,86.00445186,,,,87.62224085,,,91.91355805,96.11621174,97.04159753,90.82795688,92.52663856,92.53087835,98.57039066
109,111,93.98014226,94.08990108,89.08659977,90.62481594,89.86416162,89.47717111,94.38561987,95.57787039,93.25580182,91.19489408,95.2608776,88.15789997,87.19636156,83.62469173,83.96731474,,86.06010017,,,,87.48253702,,,91.85615772,96.08264747,96.54303951,90.77777512,91.9889516,92.28025673,98.55159055
110,112,93.70338413,93.86710511,89.27974797,90.87764063,90.08576402,89.62443279,94.31988496,95.45621288,93.21410937,91.05280112,95.67809358,88.15221734,87.05472412,83.83376311,83.99549169,,86.03227602,,,,87.37077396,,,92.05189739,96.07782828,96.39758959,90.44090885,91.64580889,92.1127155,98.4186449
111,113,93.491582,93.58380562,89.46784981,91.15710915,89.94824834,90.23622904,94.73596433,95.39562016,93.02009897,90.75301414,95.87040629,88.42344951,86.40859195,83.77761121,83.93913779,,85.6427379,,,,87.45459626,,,92.92413287,96.50911777,96.696546,90.18729358,91.78463224,91.83296362,98.9538041
112,114,92.88345377,93.04581033,90.29464944,91.03066902,89.69920945,90.22990355,94.98546135,95.22839316,92.94497227,90.4568749,95.71470838,88.61245395,86.04913804,83.86193847,84.08002254,,84.91930996,,,,87.51047779,,,92.69943779,96.67804469,96.96442706,89.71118701,92.00303676,91.41463173,98.91322792
113,115,92.54746779,92.81765116,90.13047624,91.35295105,89.33475959,90.094627,95.34626427,95.00346145,92.41512834,89.79074398,96.11996504,88.66814377,86.32594648,84.0295989,84.30543815,,85.33667223,,,,87.81782621,,,92.5308385,96.62514695,97.11364631,89.32664807,92.1566777,90.96559193,98.69901544
114,116,92.12870185,92.54301099,89.75660166,91.88543874,88.3471571,89.65739188,95.48654707,94.92462427,91.9979171,89.65342112,96.31386477,88.42225615,86.49112398,84.04857182,84.41814596,,85.72621035,,,,87.65018161,,,92.13717545,96.53497133,97.11753073,89.53837002,92.43815558,91.16285504,98.64147052
115,117,92.01683628,92.31557809,88.9627143,92.02702057,88.55709622,89.35909543,95.5457559,94.89149544,92.13962555,89.77710709,96.09842692,88.11377431,86.51886155,84.34614564,84.67173852,,85.92097941,,,,87.39871472,,,91.85573232,96.49015283,97.2624915,89.88110022,92.56334449,91.32991734,98.75564468
116,118,92.1575928,92.59887758,88.51364334,91.7740014,88.68561451,88.94061481,95.61575786,94.84034431,92.37002364,90.10029563,96.42733663,87.58355605,87.10055634,84.38022874,84.95350803,,86.17139677,,,,87.03548477,,,91.46286335,96.37712856,97.24951466,89.86714518,92.99488568,91.44136733,98.70668428
117,119,92.24679607,92.45968597,88.37326015,91.52156567,88.97053188,88.75373564,95.46618794,94.59316935,92.48486426,90.27246831,96.34203435,87.50701095,87.20452968,83.97702572,84.61538462,,86.08792432,,,,86.89578094,,,91.26834315,96.18019362,97.65429992,90.24598933,93.13283575,91.49785298,98.51235928
118,120,92.49202162,92.82226016,88.71718927,91.2975241,89.15958816,88.83629984,95.24856831,94.34044053,92.48062047,90.29991043,96.40234108,87.67754683,86.92624643,83.58376361,84.08002254,,85.78185865,,,,87.20312937,,,91.40810048,96.17761394,97.42221307,90.53831223,93.15472409,91.52408148,98.44846181
119,121,92.55720006,92.6652471,88.93468202,91.04567181,89.40062937,88.97501656,95.12677606,94.25915965,92.73392934,90.57623972,96.30592967,87.94434655,86.55159074,83.55578707,83.79825303,,85.25319978,,,,87.20312937,,,91.65934037,95.89713686,97.65988198,90.68042812,93.0464092,91.80563639,98.13286611
120,122,92.52032864,92.74228713,89.08230204,90.79343056,89.86149572,89.17565644,95.28719488,94.55948513,92.68202883,90.56047032,96.17120309,88.35048447,86.24398169,83.83555247,84.2209073,,84.86366166,,,,87.45459626,,,91.85564724,96.09390171,97.69374836,90.8085044,92.90671257,91.8045095,98.30295413
121,123,92.60330325,93.01899436,89.44869026,90.34515293,89.87682461,89.17898564,95.33502491,94.42161033,92.83170874,90.56035808,96.07354473,88.45055568,85.96649256,83.78812017,84.36179205,,85.08625487,,,,87.76194468,,,91.82802475,96.33358573,97.55304606,90.59686702,92.77487545,91.88888582,98.60040788
122,124,92.32242975,92.8649143,89.561263,90.34476397,89.60756936,89.46729448,95.13277224,94.11961868,92.90178876,90.72602097,95.67554302,88.69701156,85.88350675,84.3335633,84.84080023,,85.30884808,,,,87.87370774,,,92.05303178,96.03091201,97.48801801,90.24875215,92.57435909,91.64671592,98.30407012
123,125,92.65894406,92.94597673,89.76769257,90.51279515,89.39063227,89.53387851,94.77896952,93.845202,92.87145134,90.67035106,96.36884364,88.53423248,86.04925148,84.32487211,84.92533108,,85.58708959,,,,87.67812238,,,92.20458681,96.05401579,97.18572387,90.03891906,92.52604699,91.63823602,98.32862186
124,126,92.15475654,92.72452155,89.56373073,90.34476397,89.38185704,89.57516061,94.59757799,93.81673842,92.85935078,90.69700752,96.1473978,88.19466662,86.10484006,84.10250832,84.69991547,,85.72621035,,,,87.56635932,,,92.14142943,95.6943055,97.52245986,89.83979893,92.77966441,91.41085663,98.07200183
125,127,93.14074734,93.6949522,89.48883936,90.42877956,89.55514012,89.62543155,94.07164296,93.92803796,92.56526704,90.59228972,96.03942382,88.0264038,86.32753473,83.80618421,84.47449986,,86.03227602,,,,87.31489243,,,92.33929609,95.28090372,96.90469333,90.07458195,92.56883771,91.19480253,97.72982272
126,128,93.25778492,93.62458823,89.35816071,90.45697924,89.36974944,89.48438438,93.56629018,94.0368938,92.77524902,90.76429404,95.85379927,87.76096791,86.32571959,83.50043044,84.10819949,,85.97662771,,,,86.95166248,,,92.11077243,95.27463877,96.92946729,89.76492097,92.3690256,90.9753114,97.55856147
127,129,92.98272299,93.55645892,89.20072523,91.07309356,89.01951767,89.38850338,93.48253883,94.22891883,92.66539773,90.62394076,95.92663211,87.75039821,86.40847851,83.19447786,83.68554522,,85.83750696,,,,86.70019559,,,92.75649781,95.49856119,96.5823153,89.30426362,91.88874976,90.7515099,97.74719207
128,130,92.65763715,93.29262893,88.57181517,91.21292506,88.6050823,89.24845497,93.31553815,94.55848544,92.25564181,89.95708029,95.67922717,87.35715986,86.29775513,83.38912073,83.79825303,,85.6427379,,,,86.67225482,,,92.45282056,95.63347026,96.58444454,88.99223451,92.04140474,90.30390689,97.85303925
129,131,92.57538552,93.34707093,88.09559921,91.60538678,88.5635388,88.40028542,93.781093,94.88949605,91.61717958,89.43422083,95.39923166,86.870499,86.85205269,83.42161328,84.10819949,,85.39232053,,,,86.58843252,,,92.1694206,95.82669159,96.12404015,89.46030636,92.26442919,90.44378283,98.29027765
130,132,91.98891855,92.89698172,88.23775695,91.41246209,88.84701214,88.24592145,93.65461536,94.75073262,91.55111397,89.32445234,95.39923166,87.28231956,86.65834351,83.42380028,84.10819949,,84.75236505,,,,86.92372171,,,91.72765925,96.10972,96.02200941,89.57045252,92.32051631,90.61163396,98.29442684
131,133,91.54223488,92.38393087,88.61371108,91.27010234,88.92843298,88.33447821,93.7865314,94.97266524,91.71748233,89.38079568,95.06641108,87.48604203,86.04925148,83.55252077,84.1645534,,84.44629939,,,,87.0913663,,,91.64280658,95.78657889,95.96403085,89.79001185,92.42023925,90.55568358,97.98120619
132,134,91.54223488,92.3102987,88.76948292,90.87705719,89.18891299,88.64653536,93.98722227,95.19204308,92.05388936,89.85926511,95.03892164,87.87194977,85.5520173,83.57032919,84.2209073,,84.80801336,,,,87.1751886,,,91.32979894,96.02589438,96.43151352,90.09685363,92.65534877,90.83543546,98.21584983
133,135,91.77005356,92.35577411,89.13168432,90.429363,89.54814215,88.78525208,94.26218215,94.94375735,92.16698084,89.95932505,94.8447952,88.13551039,85.63511655,83.94907758,84.55903071,,85.19755147,,,,87.53841855,,,91.75366523,96.43311625,96.60668644,90.35444398,93.14311792,91.2270881,98.49779421
134,136,91.9912543,92.55491058,89.39706207,90.31675878,89.47760705,89.39915682,93.99422247,94.77997375,92.08938815,89.98283885,94.92783031,88.22560857,85.94034324,83.83515484,84.2772612,,85.55926544,,,,87.28695166,,,91.83715662,96.12361062,96.57264742,90.13694266,92.91555805,90.96649344,98.19576205
135,137,92.15556293,92.49820598,89.04614567,90.31695326,89.32009717,89.27786292,93.84417843,95.24608223,92.3791134,90.34564731,94.58350384,88.09155521,86.24262033,83.19427904,83.57283742,,85.83750696,,,,87.1751886,,,91.80709518,95.87641433,96.37275808,90.01298242,92.66582813,90.60337945,97.9671848
136,138,92.07753788,92.48787066,88.86422702,90.54080035,88.77436654,89.11894904,94.42868083,95.11009574,92.74310512,90.825183,94.92794367,87.73971486,86.82306722,83.22205676,83.77007608,,85.50361714,,,,86.75607712,,,92.05802311,96.48153498,96.33676246,89.42890047,92.58993728,90.37907084,98.65660789
137,139,91.84882939,92.55236865,88.06490512,90.5971997,88.46578937,88.84539965,94.40120995,95.28009968,92.55328117,90.67068777,94.90527196,87.58918185,86.74053519,83.16104802,83.93913779,,84.91930996,,,,86.67225482,,,92.5707408,96.28471343,96.8618784,89.02149781,92.63007999,90.40648258,98.24515168
138,140,92.63122098,92.8902498,87.76076463,90.59681074,88.38214696,88.69713922,94.82640909,95.24916463,92.40853325,90.60227887,95.21502408,87.1463341,86.43995979,83.48225279,84.1645534,,84.64106845,,,,86.81195865,,,92.48143564,96.46758766,96.66575838,88.92815409,92.60455768,90.38050763,98.78972524
139,141,92.57577481,92.91781996,87.72818508,90.5971997,88.32638535,88.64254031,94.64055529,95.19956858,92.48870662,90.75784037,95.34810697,87.63935952,86.16065554,83.90119083,84.58720766,,84.55759599,,,,86.83989941,,,92.37423542,96.15791194,97.44644033,88.91346605,92.34972893,89.87633446,98.40737056
140,142,93.13432404,93.41385944,87.79001691,90.8879481,87.96460138,88.16790716,94.57537816,95.17613125,92.30886134,90.57775493,95.45965174,87.49513424,86.10778966,84.04184041,84.38996901,,84.83583751,,,,87.03548477,,,92.65570691,96.02600777,97.09465582,89.02490905,92.40404131,89.7639266,98.58535635
141,143,93.0003245,93.30019886,88.00931193,91.12929844,88.13821769,88.00877134,94.71354139,94.48720152,92.08795444,90.31657774,96.36260892,87.45331005,85.99479736,83.86122841,84.13637644,,85.08625487,,,,87.48253702,,,92.39366191,96.59631683,97.5484423,89.24311516,92.00599464,89.56841018,98.87288066
142,144,92.81079537,93.67520336,88.37705878,91.44202313,88.23941057,87.92776077,93.57722276,94.37523552,92.0980478,90.34351479,96.14779455,87.49479329,85.38615912,83.27781102,83.48830657,,85.08625487,,,,87.48253702,,,92.19831928,96.03091201,97.42549324,89.38244005,91.96666887,89.70856785,98.67492154
143,145,92.99746043,93.82805436,88.51600016,91.29810754,88.6514022,88.14737709,93.29682448,94.91918148,91.70939617,89.60201624,95.88797686,88.088515,85.46903149,83.08316815,83.57283742,,85.16972732,,,,87.37077396,,,92.19485938,96.03609973,97.290373,89.82812744,91.87911551,89.93315818,98.3505124
144,146,92.09780882,93.21341011,89.08238522,91.04722765,88.67783898,88.25535419,94.13534195,95.39148253,92.33065381,90.13536992,95.68155102,88.0563797,85.74981055,83.08316815,83.77007608,,85.6427379,,,,87.23107013,,,91.75176512,96.50072671,96.76073963,89.83029823,92.0562505,89.98747455,98.37907024
145,147,92.22530164,92.70597384,89.06799477,91.248515,89.02995909,88.50138217,94.31656614,95.18365674,92.26040175,90.35804958,95.49235567,88.01532266,85.99491081,83.25122621,83.91096083,,85.39232053,,,,87.11930707,,,92.27616706,96.27966745,97.02908106,90.39072709,93.38836876,90.72353471,98.68848509
146,148,93.21846652,93.38631721,88.79965019,90.62481594,89.16292053,89.31159883,94.07989817,94.97049923,92.74284705,91.0319249,95.88548297,87.8661819,85.99423013,83.36114419,83.96731474,,84.91930996,,,,86.72813635,,,92.33538243,96.16389341,97.72867936,90.47908083,93.05269118,90.47175802,98.47204064
147,149,92.94318214,93.96772084,88.93096657,91.1296874,88.49389233,89.05303085,93.95740869,94.83220789,92.4314727,90.71311363,96.06691326,87.52337694,86.6019608,83.66351805,84.58720766,,84.69671675,,,,86.56049176,,,92.87541065,96.02249259,97.41096264,90.04199199,92.9840401,90.08010539,98.39907218
148,150,92.68783502,93.70422606,88.26138059,91.52156567,88.16454339,88.45421849,93.75108419,93.90201808,92.47144469,90.65250526,96.32072296,87.9744361,86.75142602,83.84080695,84.47449986,,84.02893712,,,,86.58843252,,,92.548847,96.12655883,96.98180624,89.59300613,92.77884747,89.80035351,98.51585032
149,151,92.26829049,93.43687648,88.87298884,91.21370299,88.97230914,88.50326872,93.10159989,94.26015935,92.02108594,89.89029884,96.43617859,87.87982022,86.23280725,83.81373929,84.08002254,,84.19588203,,,,86.75607712,,,92.48602994,95.65620552,97.38949762,90.33781069,92.46545262,90.38783246,97.83000411
150,152,91.9839968,93.35307659,89.10420659,90.79362504,88.82701794,89.064905,92.91485363,94.29117771,91.60757369,89.69393894,96.4951817,88.50448388,85.93886844,83.70487221,83.85460693,,85.92097941,,,,87.51047779,,,92.03255597,95.60271247,96.08672095,90.41344984,92.84304763,90.38783246,98.04049663
151,153,92.18620569,92.42605428,88.82488201,90.31792566,88.66128823,88.88113308,92.77691352,94.3131988,91.94211689,89.97004375,96.46253445,88.16957779,86.82340756,83.13892241,83.26289096,,85.55926544,,,,87.37077396,,,91.7478231,95.60914751,96.37465713,90.18988725,93.0304648,90.10808058,98.14373984
152,154,92.10058947,92.59887758,88.23096377,90.34962599,88.15921161,88.81621365,93.02456985,94.56687178,92.52475023,90.83399367,96.32259337,88.05805607,86.49532148,83.40104982,83.37559876,,85.14190317,,,,87.0913663,,,91.9750422,95.53453505,96.38849717,89.89113657,92.94564395,90.13605576,98.06069888
153,155,91.93347238,92.40334451,87.97895056,91.29732962,87.88029249,88.33425626,93.04417598,94.73945827,92.61203484,90.81996395,95.90163656,87.49985083,86.35561263,84.17465087,84.75626937,,84.58542014,,,,86.78401788,,,92.67967098,95.61824728,96.34363932,89.63659097,92.9301221,89.32477531,98.27700026
154,156,91.90652788,92.34747792,88.32387787,91.32805754,88.74448632,88.21385014,92.9346271,94.66209287,92.6367521,90.92765605,95.10478294,87.73886246,85.83245602,84.04238006,84.47449986,,85.44796884,,,,87.2590109,,,92.75950395,95.3378836,96.41577443,89.75119146,92.99113902,89.38072569,98.4066838
155,157,91.70974126,92.37541121,88.87939384,91.158665,88.88400142,88.17179123,93.21293368,93.79016315,92.55253564,90.96430167,94.83799369,88.15306973,85.73716131,83.7774692,84.02366864,,85.61491375,,,,87.28695166,,,92.81619529,95.56197611,96.12861514,89.87334742,93.04947976,89.29680012,97.76862477
156,158,91.40303552,92.23574473,88.710202,91.21428643,88.54820991,88.10587304,92.40088308,93.43268835,92.5697689,90.94084398,95.67027185,88.12656024,86.74598061,83.25062976,83.88278388,,85.30884808,,,,87.14724783,,,92.84279683,94.68462771,96.47035771,89.7055768,93.02767593,89.18489937,97.6977166
157,159,91.01179802,92.39384719,88.68560791,91.10129324,88.63174124,88.16246947,92.73903995,93.43479882,92.51482892,90.90128018,95.35530523,87.74730117,86.83202946,83.69547095,84.64356157,,85.22537563,,,,87.20312937,,,92.87070292,94.99433178,95.13167174,89.85206246,93.09060844,89.128949,97.59192666
158,160,91.15158131,91.69978857,88.62754699,90.96165622,88.5529863,88.10820349,93.09376302,93.54965284,91.85311182,90.05304355,95.4881614,87.78474974,86.82749162,84.09216978,84.38996901,,84.80801336,,,,86.67225482,,,92.8140683,95.45997929,95.50863305,89.74851322,92.92341757,88.84919711,97.79277589
159,161,91.82160682,92.05158051,88.51231244,90.28992046,88.43846396,87.99512161,93.90849099,93.59888789,91.04443888,89.43478202,95.57261349,87.65919192,86.8099642,83.79093202,84.13637644,,84.94713411,,,,86.72813635,,,92.05328702,95.67573743,95.98420106,89.56816897,91.90066581,88.82122193,97.46418894
160,162,91.96158476,92.26973955,88.48572198,89.84067044,87.73389051,87.57919338,93.76620015,93.75800625,91.64183949,90.18424946,95.40042192,87.60327479,86.78279386,83.69944731,83.77007608,,84.89148581,,,,86.70019559,,,91.40639889,95.37788291,96.57892003,88.84896275,92.30451556,88.93312268,97.76310206
161,163,91.98552616,93.13603487,88.44529561,90.48517892,87.27502358,87.43548285,93.99558904,93.74464919,91.45299047,89.96976316,95.24427058,87.6117135,86.74036502,83.32547055,84.2209073,,85.05843072,,,,86.78401788,,,92.02586305,95.60906247,96.12294676,88.8149068,92.24085063,89.1848712,97.75056865
162,164,91.9660338,93.07131343,88.24363513,90.20512695,87.74066632,88.24603242,93.97773994,93.98241034,90.44979099,88.85793622,95.23304809,87.34909052,86.38266952,83.36154183,84.58720766,,85.11407902,,,,86.78401788,,,91.88363841,95.63114571,96.66978667,89.83486533,91.79660463,89.01704824,97.75589106
163,165,91.62735059,92.92678655,87.02815455,89.1967454,87.54750011,88.0693628,93.66370725,94.50722322,90.64586594,88.83038186,95.23446507,87.50783493,85.69059169,83.40940017,84.50267681,,85.16972732,,,,86.75607712,,,90.98474467,95.76477912,96.7717311,89.72077229,91.82243682,89.10097381,97.7650765
164,166,91.18008298,92.75055538,86.82031089,89.28056651,86.68963778,87.31307921,93.69421806,94.04900123,90.87136073,89.08751849,95.15692785,86.33911579,85.66330791,83.56155279,84.67173852,,84.6688926,,,,86.4487287,,,91.0494902,95.77883983,96.70402711,89.12281988,92.03993988,89.04502343,97.79967213
165,167,90.98388029,92.60538604,87.18717048,89.39297625,86.9216816,87.08058998,92.37291019,93.98818636,91.0557939,89.30806563,95.02503523,86.71081695,85.1101448,83.65283868,84.58720766,,84.22370618,,,,86.25314334,,,91.25470206,95.10364243,96.66141359,88.8286645,92.08588568,88.68134599,97.91164293
166,168,90.92882342,92.5108039,87.98283238,89.6452175,86.96655748,87.04385779,92.53101421,93.57467302,91.01719828,89.33550775,95.23361488,86.75730091,85.1935844,83.75380985,84.53085376,,84.86366166,,,,86.92372171,,,91.47996433,95.03960385,95.15664712,88.49131898,92.10532321,88.26171817,97.76934014
167,169,91.82180147,91.89448365,87.98868284,89.67302822,87.29590641,87.04885159,92.73912362,93.60035967,91.32206356,89.6096484,95.64924384,87.66226054,85.55326521,83.44666436,84.30543815,,84.41847524,,,,86.72813635,,,91.39417579,94.68967369,95.25223261,88.59331765,92.23606168,88.23374298,97.5508354
168,170,92.29737609,92.12437468,88.05686421,90.03670681,87.35311204,87.32450947,93.04598878,93.73823447,91.7518915,90.29878806,95.59970617,87.51439838,85.55190385,82.97353419,83.96731474,,83.7506956,,,,86.00167645,,,91.65122946,94.87954992,95.8253427,88.81377912,92.66887052,88.62539561,97.50259038
169,171,92.30399404,92.1592913,87.78541418,90.48576236,87.70723157,87.64178237,93.12974012,93.2138659,91.17049115,89.70129051,95.34549972,87.33661714,86.10631486,83.39051246,83.26289096,,84.19588203,,,,86.05755798,,,92.15807666,94.77089128,95.80502863,88.98603227,92.18166478,89.3527505,97.62337463
170,172,92.01761486,92.87821055,87.47603324,89.58862367,87.74099955,87.93020218,92.93485021,93.2138659,91.00085392,89.54645856,95.20589872,87.12837698,86.0783504,83.00063025,83.03747535,,84.19588203,,,,86.30902487,,,91.64876215,94.94687689,95.70711249,89.74913345,92.09002672,89.07299862,97.34452068
171,173,92.0562381,92.84181346,87.02252592,89.36536002,86.47158991,87.11787703,92.87882075,93.38142614,90.44864402,88.88616401,95.6586526,87.05342302,85.83302325,82.50443719,83.234714,,84.7245409,,,,86.39284716,,,91.50874958,94.85403654,95.83354314,89.41985084,91.58017204,88.8771723,97.34274655
172,174,91.91081008,92.65477211,87.35957868,89.08472461,86.67319811,86.97094828,93.27127795,93.24377349,90.59379339,88.86208901,95.06754467,86.57812742,85.71855615,83.16948359,84.08002254,,84.91930996,,,,86.39284716,,,90.97249322,94.6832103,95.93543002,89.23541874,91.52864851,88.45754448,97.27581588
173,175,91.49301737,92.71061077,87.81474964,89.28056651,86.74784313,86.96517766,92.71115073,93.41188911,90.56827325,88.83689164,95.20850597,87.28436531,85.3036271,83.19467667,83.99549169,,84.83583751,,,,86.75607712,,,91.08618785,94.85105998,95.81932904,88.59923797,91.48140688,88.34564373,97.43388558
174,176,91.40361946,93.0181005,87.93694374,89.3365769,87.31923298,87.21164954,92.85076419,93.59935997,90.71261974,88.92056487,94.91258359,87.65214545,85.49699595,83.48103148,83.79825303,,84.6688926,,,,86.86784018,,,91.03352361,94.92516217,95.83259362,88.53163354,91.52067631,88.28969335,97.39496907
175,177,91.49146021,92.36622116,87.67838689,89.42059249,87.60481683,87.33138982,92.6809188,94.18296056,90.67780912,89.17029382,94.40394397,87.45635026,85.77312372,83.43198022,83.37559876,,84.14023372,,,,85.94579491,,,91.11579553,94.58855566,95.86033125,88.5003968,91.5858061,87.81411516,97.8415646
176,178,91.23669702,92.63901773,87.56459415,89.36458209,87.5270616,87.35469423,92.14006304,94.09565374,90.92928284,89.02741519,94.37441408,87.20071692,86.08243446,83.3160977,83.1220062,,84.44629939,,,,86.08549874,,,91.31391743,94.90120795,95.33371909,88.64507817,91.39495216,88.14981741,98.13793098
177,179,91.23864348,92.65474418,87.35747141,89.785049,87.50529013,87.41129065,92.12321795,94.23788833,90.77409746,89.16210046,94.52178014,87.16502997,85.96774047,83.08436106,83.20653705,,84.7245409,,,,86.1972618,,,91.25379455,94.91645928,94.89650612,88.83506409,91.48588596,88.09386704,97.97851637
178,180,91.3772589,92.37532741,86.73937498,89.36497106,87.38554708,87.76329822,92.293147,94.19206891,90.96845195,89.27613399,94.37815491,87.13721347,85.75673076,82.92902735,84.05184559,,84.94713411,,,,86.53255099,,,91.28102,94.84147829,95.05815551,88.81989679,91.65225989,88.14981741,98.22371898
179,181,91.85224959,91.75143724,86.41593631,89.64502302,87.32578663,87.35846732,92.29465302,94.06930063,90.85312387,88.94003812,94.81934622,86.49538826,85.41571183,83.3821905,83.77007608,,84.75236505,,,,86.78401788,,,91.39806109,94.86954301,95.43534701,88.89626893,91.41360091,88.23374298,98.00378349
180,182,91.63708286,91.92437228,86.33777312,89.58998503,87.10818307,87.70747861,92.40487124,93.44190778,90.50065922,88.66999414,95.07752021,86.49538826,85.24883264,83.58012808,83.54466047,,84.52977184,,,,86.72813635,,,91.02929799,95.05009268,95.09927281,89.01332213,91.43695411,88.00994147,97.68472536
181,183,91.604299,92.5150777,86.15771219,89.33696586,87.02753979,87.68095597,93.15394797,93.87186057,90.48368403,88.72240916,94.90283476,86.52329,85.16607372,83.28934247,82.95294449,,84.02893712,,,,86.78401788,,,90.74788322,94.58325455,95.73165626,89.01740997,91.45929318,87.75816478,97.47792418
182,184,91.57521339,92.12644174,86.32080402,89.11272981,87.06352935,87.57808365,92.99113067,94.03547756,90.61547117,89.04874036,94.40269703,86.34332094,84.77842845,83.11512105,83.0656523,,83.7506956,,,,86.64431405,,,90.8628824,94.55561506,96.00342174,88.65260543,91.33004773,87.84209035,98.13861774
183,185,91.40692844,92.73887927,86.22730765,89.28114995,87.34478112,87.39497757,92.99255302,93.98565935,90.83809853,88.99093793,94.35372615,86.45771239,84.75091778,83.05638452,83.29106791,,83.5837507,,,,86.53255099,,,91.14642416,94.44386646,95.91554755,88.72294449,91.35545737,88.03791666,97.91238692
184,186,90.37007953,92.57105602,86.108524,89.73020549,87.03764797,87.49296706,92.29339801,94.02723007,90.84102331,89.23297859,94.27171127,86.32326124,84.50218724,82.47205825,83.34742181,,83.30550918,,,,86.42078793,,,91.17458549,94.40120242,95.72057847,88.81194664,91.52797243,88.31766854,98.06699419
185,187,90.37007953,92.6864764,86.09732218,89.64541198,86.98810678,87.65221386,92.54456838,93.83265025,91.64955288,89.88317175,94.31189686,86.49538826,84.97191075,82.55559024,83.46012961,,83.50027824,,,,86.30902487,,,91.22991556,94.61979538,95.58908369,89.13316634,91.90184896,88.20576779,97.89138346
186,188,90.90129498,92.31613676,86.34706175,89.94374512,86.98521873,87.55996724,92.48920826,93.73804009,91.59922946,89.82211442,94.55244361,86.30411076,84.86141426,82.69428003,84.10819949,,83.44462994,,,,86.33696563,,,91.90522025,94.51479365,95.57708515,88.93139617,91.80499939,88.84919711,97.66243421
187,189,90.3985812,92.62672708,86.60678315,89.66602692,86.73729063,87.38196594,92.54660429,94.19251322,91.6570082,89.87497839,94.15189133,86.54448622,84.69646366,82.821694,83.71372218,,83.36115748,,,,86.42078793,,,91.93253079,94.61273668,95.56445359,89.78719265,91.69282516,88.65187766,98.00278196
188,190,90.62542666,92.62692261,86.71051088,89.78893861,86.0468242,86.55035917,92.82597067,93.16415877,90.94172749,89.29745916,94.40269703,87.02586224,84.75114467,83.00023262,83.77007608,,83.41680579,,,,86.2810841,,,92.0192552,94.46688519,95.70319929,89.74284663,91.47042046,88.73619764,98.27485413
189,191,90.17504472,92.35133271,87.53692233,89.78582693,86.3189675,86.56886398,91.84786762,93.84572962,91.36972027,89.61234211,94.42797597,86.83969912,85.05478311,83.02840798,83.62919132,,83.66722315,,,,86.1972618,,,91.31397414,94.80386023,95.82597572,89.84887676,91.63338578,88.45655845,97.19143001
190,192,90.23107482,92.21635902,87.30154549,89.63529899,86.15168268,86.73845905,91.79080626,93.50849867,91.38087458,89.68591394,94.7232182,87.54846577,85.80142851,82.95521453,83.57283742,,84.08458542,,,,86.25314334,,,91.74263325,94.89596353,94.65219054,89.30412266,91.56588968,88.48456181,97.3599156
191,193,90.06298451,92.42320508,87.40200141,89.50616392,85.85165857,86.42673482,93.09359569,92.58230765,91.04010905,89.71111131,94.90056759,87.36804211,85.88350675,82.86333218,83.71372218,,84.14023372,,,,86.08549874,,,91.7995231,94.60851279,95.42144942,89.7098056,91.88649613,88.37263288,97.77180104
192,194,90.68612825,91.35109723,87.23217185,89.30993307,86.03338365,86.41186439,92.7720608,93.11272994,91.24363932,90.15647062,95.46509295,87.41361684,86.07778317,83.11154233,83.46012961,,84.58542014,,,,85.97373568,,,91.74110181,94.92748673,96.25962077,89.57462494,91.97754262,88.06518754,96.99681886
193,195,90.23126947,92.23577266,87.09098456,88.69401322,86.13857537,86.22964609,92.18580137,93.61213387,91.347469,89.36323047,94.78097436,87.23219872,85.49665561,83.51971579,83.26289096,,84.16805787,,,,85.97373568,,,92.11559361,95.42114226,96.08807331,89.24266409,91.28601752,87.56177502,97.37164778
194,196,90.62114445,91.92847847,87.00225728,89.11292429,86.31818995,86.50929901,92.81704612,93.89876907,90.18621672,89.07814664,94.18040099,87.14900494,85.96774047,83.383213,83.234714,,84.14023372,,,,85.88991338,,,91.74078986,94.8673035,96.24152225,89.16316264,91.37337369,88.0926838,98.05923951
195,197,91.12619398,91.03461299,86.73579816,89.28290027,86.84881384,86.43605658,93.08810151,93.99479547,91.0290121,89.98137976,94.32260924,87.1178641,85.85905912,83.26372335,82.98112144,,84.08458542,,,,85.80609109,,,91.0084535,94.38926783,96.78453529,89.6516455,92.13233855,87.83735738,98.41317942
196,198,91.71647043,91.20221276,85.96298353,89.15026455,86.20388976,86.44071747,92.60971761,93.24071886,90.6974797,89.78799415,94.54031425,86.96971781,85.52688899,82.50003479,83.34742181,,83.7506956,,,,86.00167645,,,91.66002101,94.72870916,96.50169202,88.77244965,92.10197094,87.89784352,98.20735116
197,199,91.38329291,91.46718801,86.1733781,88.52656548,85.88431577,86.10124989,92.18426746,92.70660325,89.92774647,88.72061336,95.4245106,86.33286489,85.1101448,82.41670163,83.46012961,,83.77851976,,,,86.14138027,,,91.68282233,94.5124691,95.97507987,89.23330434,91.71274158,87.31013919,97.1576356
198,200,90.84682204,92.01239009,86.61085905,88.80506161,86.71707427,87.17047842,91.51392202,92.58772267,90.10615804,89.21793873,95.47246125,86.65609318,85.49733629,82.55578906,83.71372218,,83.27768503,,,,86.16932104,,,90.66955332,95.29822447,94.98012184,88.53467828,92.1507056,87.56233847,96.79817298
199,201,90.45919938,92.34814832,86.06138763,89.17087949,86.76506035,86.93862728,91.42146924,93.34602022,90.16247439,89.78558104,94.96093099,86.84489873,85.2204144,82.27761419,83.31924486,,83.19421258,,,,86.53255099,,,90.94779179,95.29184612,94.54144143,88.71192141,92.41226705,87.98196629,97.01696388
200,202,90.14654305,92.20781143,86.06951173,88.77763985,86.17956348,86.19735284,91.84382368,93.79430079,90.4722143,90.10506574,94.13097669,86.85811085,85.35989636,82.44467817,83.82642998,,83.16638843,,,,86.42078793,,,91.31525034,94.91359611,95.24138501,88.55283393,92.24383669,87.64626403,97.92477725
201,203,90.0385704,92.12401155,86.49798132,88.44079957,86.20744429,86.67997607,92.51846406,93.77913872,90.89458692,90.33156147,94.0981594,86.31962436,84.70190907,82.65403358,83.82642998,,83.16638843,,,,85.66638726,,,91.79419145,94.04228587,96.13083069,88.32529626,92.08371657,87.22663621,98.20809515
202,204,90.90435369,91.31394595,86.89586772,88.35697846,86.3189675,86.83145474,92.8276998,93.55115239,91.04851063,89.57440576,94.4407288,86.59562994,84.94440007,82.77801084,83.48830657,,83.02726767,,,,86.25314334,,,92.08269618,93.95242208,96.78197445,88.33544538,91.36376761,87.08676027,97.82402356
203,205,91.26639437,90.9228798,86.91366863,88.32916775,86.4863634,86.79372379,92.5942112,92.96396955,91.37336191,89.3359567,95.03988519,87.38832912,85.52473352,83.14031414,82.92476754,,84.19588203,,,,85.91785415,,,91.88151142,94.37892073,96.30496777,88.83932108,91.30097596,86.86295877,97.63218807
204,206,91.50450146,91.2026597,86.69404088,88.4135723,86.73129237,86.93355025,92.33074168,92.74159262,90.9227451,88.84295248,95.36533746,87.16502997,85.27588953,82.88892291,83.09382925,,84.11240957,,,,85.77815032,,,91.88125618,94.43249883,95.72400252,88.85231759,91.40174121,86.86295877,96.83113756
205,207,91.28157672,91.56545735,86.41238722,89.02929766,86.72251714,86.5994094,91.65487417,92.85366971,90.55668883,88.77796684,95.16593985,86.88601259,84.94485386,82.47245589,83.37559876,,83.22203673,,,,85.66638726,,,91.124502,94.78259908,95.20633891,89.31748567,91.94334385,87.39448734,97.08961756
206,208,90.94422822,91.79015279,86.39286721,89.22552851,87.0164319,86.69107341,91.51467503,93.15654997,89.99352534,89.45083202,95.05949621,86.66279869,84.77990325,83.09237058,83.0656523,,83.47245409,,,,85.52668343,,,90.65029698,94.61472105,94.51767454,89.64101711,92.25459775,87.59031365,97.27409898
207,209,90.66329911,92.04054686,85.81810852,89.33677138,87.04409055,86.17771055,91.5973387,92.74248124,89.90905082,89.80426863,95.15862823,86.52329,84.5850596,82.61373032,83.0656523,,83.639399,,,,85.4708019,,,90.95547731,94.28392592,94.96222474,89.61685656,92.27688047,87.92601591,97.37098963
208,210,90.08673126,92.15194484,85.89197398,89.11292429,86.77139185,85.85000616,92.20169823,92.15343786,90.09331195,89.91179237,95.56955281,86.24427261,84.3918042,82.48080625,83.37559876,,83.86199221,,,,85.77815032,,,91.24250733,93.86272838,95.44878422,88.89378803,92.13856419,88.00994147,96.67884811
209,211,90.18461016,91.94970778,85.6616435,88.86184992,86.5142442,85.62661674,91.93702947,92.82762206,90.07564857,90.11034091,94.59994083,86.57909347,84.75284636,82.52880661,83.51648352,,84.02893712,,,,85.77815032,,,91.48869917,94.32174242,95.46748698,88.5229786,91.77899818,87.89756179,96.82675945
210,212,90.38159143,91.6777492,85.66294668,88.61385946,86.26376129,85.63616045,90.97314993,93.00715088,90.3890588,89.95814655,93.9585584,86.60708045,84.8097963,82.41650281,83.68554522,,84.08458542,,,,85.88991338,,,91.82612464,94.93145547,94.59248558,88.34387479,91.51912695,87.75810844,97.53495403
211,213,90.73437254,91.67730227,85.91068989,88.38517814,86.15168268,85.80317539,91.32536296,93.34004981,90.52861668,90.01488272,93.90244594,86.91399957,85.13913028,82.27801183,83.77007608,,84.19588203,,,,86.25314334,,,91.97229129,94.08239858,94.46283229,88.21602405,91.64530182,87.45032502,97.87284088
212,214,90.57837805,92.09652518,86.01050808,88.30077359,86.04015946,85.75190569,91.40166789,,89.88089264,89.74876707,,87.19327267,85.4449242,82.33515782,83.71372218,,84.00111297,,,,86.39284716,,,91.71225985,93.4587382,95.40582542,88.35227601,92.06619463,87.17060132,
213,215,89.81211424,91.62121221,86.067349,88.5244262,85.95662813,86.10302547,91.96871163,,89.7119436,89.87138679,,87.2776598,85.52847724,82.25023411,83.85460693,,84.00111297,,,,86.42078793,,,91.48393471,,96.15301504,88.51401354,92.10149204,87.36634312,
214,216,90.15471817,90.9228798,86.08340309,88.9728983,86.01238974,86.17882029,,,89.76825995,90.17117376,,87.21321872,85.5576896,82.22623393,83.43195266,,83.55592654,,,,86.16932104,,,91.22710793,,96.2411482,88.56574587,91.17358976,87.56171867,
215,217,90.0094848,90.50388035,86.15091901,88.97270382,86.12380188,85.51952743,,,90.5004585,89.34964971,,87.27663693,85.63693169,82.61850195,83.74189913,,83.38898164,,,,86.08549874,,,91.84736616,,,88.7637947,91.10567111,87.6446582,
216,218,90.6777863,,86.21491356,88.44041061,86.31907858,85.67899618,,,90.81085793,88.78627243,,87.02569176,85.38706669,82.61532086,83.26289096,,83.33333333,,,,86.00167645,,,91.95819645,,,88.43885366,90.93186021,87.58735555,
217,219,,,85.47686894,87.99349435,86.31907858,85.47491613,,,90.72133673,88.41919894,,87.08123952,85.38763392,82.86293455,83.09382925,,83.27768503,,,,85.83403185,,,91.17208983,,,88.13897531,91.44008102,86.94482775,
218,220,,,85.18401345,87.71383134,85.90075545,85.66501353,,,,,,86.88618307,85.11207339,83.06121295,82.78388278,,83.08291597,,,,85.77815032,,,90.69314871,,,88.75914302,,86.4686861,
219,221,,,85.23919073,87.99660604,85.73347063,86.03488781,,,,,,86.80239262,84.86356974,83.10742395,82.72752888,,83.22203673,,,,85.88991338,,,,,,88.68900131,,86.10683986,
220,222,,,85.65790032,,85.5104242,85.61563038,,,,,,87.16545617,85.27747778,83.10449849,82.67117498,,83.41680579,,,,86.22520257,,,,,,89.05814742,,,
221,223,,,86.01699627,,85.78923223,85.81579861,,,,,,87.13729871,85.58225068,83.16323502,82.64299803,,83.94546466,,,,86.30902487,,,,,,,,,
222,224,,,85.98940763,,,,,,,,,86.55119173,84.94689589,83.16556403,82.58664413,,84.08458542,,,,86.22520257,,,,,,,,,
223,225,,,86.07195173,,,,,,,,,86.32806307,84.86595211,83.05283419,82.78388278,,83.83416806,,,,85.77815032,,,,,,,,,
224,226,,,,,,,,,,,,,,82.54053687,82.92476754,,83.41680579,,,,85.49874267,,,,,,,,,
225,227,,,,,,,,,,,,,,82.11512304,83.40377571,,83.13856427,,,,85.21933501,,,,,,,,,
226,228,,,,,,,,,,,,,,82.31195291,83.60101437,,82.88814691,,,,,,,,,,,,,
227,229,,,,,,,,,,,,,,82.79579085,83.31924486,,,,,,,,,,,,,,,
228,230,,,,,,,,,,,,,,82.92661313,82.95294449,,,,,,,,,,,,,,,
229,231,,,,,,,,,,,,,,82.91170178,82.75570583,,,,,,,,,,,,,,,
230,232,,,,,,,,,,,,,,82.97569279,82.55846717,,,,,,,,,,,,,,,
